GSM2109161,Septic-cardiomyopathy
GSM2109162,Septic-cardiomyopathy
GSM2109163,Septic-cardiomyopathy
GSM2109164,Septic-cardiomyopathy
GSM2109165,Septic-cardiomyopathy
GSM2109166,Septic-cardiomyopathy
GSM2109167,Septic-cardiomyopathy
GSM2109168,Septic-cardiomyopathy
GSM2109169,Septic-cardiomyopathy
GSM2109170,Septic-cardiomyopathy
GSM2109171,Septic-cardiomyopathy
GSM2109172,Septic-cardiomyopathy
GSM2109173,Septic-cardiomyopathy
GSM2109174,Septic-cardiomyopathy
GSM2109175,Septic-cardiomyopathy
GSM2109176,Septic-cardiomyopathy
GSM2109177,Septic-cardiomyopathy
GSM2109178,Septic-cardiomyopathy
GSM2109179,Septic-cardiomyopathy
GSM2109180,Septic-cardiomyopathy
GSM2109150,Control
GSM2109151,Control
GSM2109152,Control
GSM2109153,Control
GSM2109154,Control
GSM2109155,Control
GSM2109156,Control
GSM2109157,Control
GSM2109158,Control
GSM2109159,Control
GSM2109160,Control
